Domanda,Risposta
Cosa puoi vedere a Parigi?,"Di seguito la lista con le cose da fare e vedere a Parigi. Torre Eiffel, Arco di Trionfo, Champs Élysées, Giardino delle Tuileries, Museo del Louvre, Museo d’Orsay,Centro Pompidou, Quartiere Latino, Notre Dame, Versailles, Montmartre, Giro in barca sulla Senna, Disneyland Paris."
Dov'è il Louvre e quanto costa un biglietto?,L’accesso principale al museo è rappresentato dalla piramide. E' possibile prenotare sul sito ufficiale del museo o presso uno dei suoi rivenditori autorizzati.
Dove vedere la Tour Eiffel illuminata?,"Il luogo migliore per ammirare la Tour Eiffel in tutto il suo splendore, di giorno come di notte, è la terrazza monumentale del Trocadéro che le sta di fronte (stazione metro Trocadero)."
Parigi è una città per i bambini?,"I parigini adorano les enfants e li accolgono a braccia aperte praticamente ovunque. I bambini francesi in genere sono tranquilli ed educati, perciò anche i vostri figli dovranno comportarsi bene. Per dar sfogo alle loro energie, potrete contare su numerose aree gioco nei parchi e nelle piazze, anche nei quartieri del centro."
Parigi è una città inclusiva?,"Il panorama gay di Parigi ha contorni meno definiti rispetto ad altre città. Le Marais, in particolare la zona vicino all’incrocio tra rue Sainte-Croix de la Bretonnerie e rue des Archives, è il cuore della vita notturna omoses- suale, ma i locali di tutta la capitale accolgono una clientela estremamente variegata."
Perché Parigi è chiamata la città dell'amore?,"A Parigi c'è sempre amore nell'aria. Non è raro vedere innamorati abbracciati sulle rive del fiume, sposi che immortalano la loro unione vicino alla Torre Eiffel e altre scene romantiche della vita quotidiana di Parigi. Va detto che la capitale ha una reputazione tenace in questo senso: quella di essere la città dell'amore"
Quali sono i luoghi migliori dove fare la proposta di matrimonio?,"Il Roseto di Bagatelle, un gioiello segreto incastonato nel cuore di Parigi, è un'oasi romantica che incanta tutti i sensi. Questo luogo incantevole offre un'esperienza unica ai suoi visitatori. Appena entri, vieni trasportato in un mondo di bellezza floreale. Le rose, in tutte le loro sfumature e varietà, emanano un profumo inebriante che fluttua nell'aria. I sentieri sinuosi invitano alla scoperta, mentre le panchine nascoste offrono rifugi intimi per sfuggire al trambusto urbano. È un posto dove gli amanti possono passeggiare tenendosi per mano, meravigliarsi della natura e perdersi in un romance senza tempo."
Quanto costano i lavori per le Olimpiadi di Parigi del 2024?,"8,2 miliardi di euro complessivi, solo il 20% proviene da soldi pubblici, ripartiti tra il Comitato organizzatore (CoJo) e la Solideo, società in capo alla costruzione delle infrastrutture necessarie e presieduta dal Comune di Parigi"
Dimmi 3 film girati a Parigi,"Eccoti i 3 Film: Il favoloso mondo di Amélie, Midnight in Paris e Moulin Rouge!"
E' necessario conoscere il francese per poter visitare Parigi?,"La conoscenza dell'inglese è sufficiente, ma se fossi in grado di poter parlare il francese, anche a livello base, ti potrebbe tornare utile e i parigini apprezzerebbero"
